0,1
001_0001.jpg,0
001_0002.jpg,0
001_0003.jpg,0
001_0004.jpg,0
001_0005.jpg,0
001_0006.jpg,0
001_0007.jpg,0
001_0008.jpg,0
001_0009.jpg,0
001_0010.jpg,0
001_0011.jpg,0
001_0012.jpg,0
001_0013.jpg,0
001_0014.jpg,0
001_0015.jpg,0
001_0016.jpg,0
001_0017.jpg,0
001_0018.jpg,0
001_0019.jpg,0
001_0020.jpg,0
001_0021.jpg,0
001_0022.jpg,0
001_0023.jpg,0
001_0024.jpg,0
001_0025.jpg,0
001_0026.jpg,0
001_0027.jpg,0
001_0028.jpg,0
001_0029.jpg,0
001_0030.jpg,0
001_0031.jpg,0
001_0032.jpg,0
001_0033.jpg,0
001_0034.jpg,0
001_0035.jpg,0
001_0036.jpg,0
001_0037.jpg,0
001_0038.jpg,0
001_0039.jpg,0
001_0040.jpg,0
001_0041.jpg,0
001_0042.jpg,0
001_0043.jpg,0
001_0044.jpg,0
001_0045.jpg,0
001_0046.jpg,0
001_0047.jpg,0
001_0048.jpg,0
001_0049.jpg,0
001_0050.jpg,0
001_0051.jpg,0
001_0052.jpg,0
001_0053.jpg,0
001_0054.jpg,0
001_0055.jpg,0
001_0056.jpg,0
001_0057.jpg,0
001_0058.jpg,0
001_0059.jpg,0
001_0060.jpg,0
001_0061.jpg,0
001_0062.jpg,0
001_0063.jpg,0
001_0064.jpg,0
001_0065.jpg,0
001_0066.jpg,0
001_0067.jpg,0
001_0068.jpg,0
001_0069.jpg,0
001_0070.jpg,0
001_0071.jpg,0
001_0072.jpg,0
001_0073.jpg,0
001_0074.jpg,0
001_0075.jpg,0
001_0076.jpg,0
001_0077.jpg,0
001_0078.jpg,0
001_0079.jpg,0
001_0080.jpg,0
001_0081.jpg,0
001_0082.jpg,0
001_0083.jpg,0
001_0084.jpg,0
001_0085.jpg,0
001_0086.jpg,0
001_0087.jpg,0
001_0088.jpg,0
001_0089.jpg,0
001_0090.jpg,0
001_0091.jpg,0
001_0092.jpg,0
001_0093.jpg,0
001_0094.jpg,0
001_0095.jpg,0
001_0096.jpg,0
001_0097.jpg,0
001_0098.jpg,0
002_0001.jpg,1
002_0002.jpg,1
002_0003.jpg,1
002_0004.jpg,1
002_0005.jpg,1
002_0006.jpg,1
002_0007.jpg,1
002_0008.jpg,1
002_0009.jpg,1
002_0010.jpg,1
002_0011.jpg,1
002_0012.jpg,1
002_0013.jpg,1
002_0014.jpg,1
002_0015.jpg,1
002_0016.jpg,1
002_0017.jpg,1
002_0018.jpg,1
002_0019.jpg,1
002_0020.jpg,1
002_0021.jpg,1
002_0022.jpg,1
002_0023.jpg,1
002_0024.jpg,1
002_0025.jpg,1
002_0026.jpg,1
002_0027.jpg,1
002_0028.jpg,1
002_0029.jpg,1
002_0030.jpg,1
002_0031.jpg,1
002_0032.jpg,1
002_0033.jpg,1
002_0034.jpg,1
002_0035.jpg,1
002_0036.jpg,1
002_0037.jpg,1
002_0038.jpg,1
002_0039.jpg,1
002_0040.jpg,1
002_0041.jpg,1
002_0042.jpg,1
002_0043.jpg,1
002_0044.jpg,1
002_0045.jpg,1
002_0046.jpg,1
002_0047.jpg,1
002_0048.jpg,1
002_0049.jpg,1
002_0050.jpg,1
002_0051.jpg,1
002_0052.jpg,1
002_0053.jpg,1
002_0054.jpg,1
002_0055.jpg,1
002_0056.jpg,1
002_0057.jpg,1
002_0058.jpg,1
002_0059.jpg,1
002_0060.jpg,1
002_0061.jpg,1
002_0062.jpg,1
002_0063.jpg,1
002_0064.jpg,1
002_0065.jpg,1
002_0066.jpg,1
002_0067.jpg,1
002_0068.jpg,1
002_0069.jpg,1
002_0070.jpg,1
002_0071.jpg,1
002_0072.jpg,1
002_0073.jpg,1
002_0074.jpg,1
002_0075.jpg,1
002_0076.jpg,1
002_0077.jpg,1
002_0078.jpg,1
002_0079.jpg,1
002_0080.jpg,1
002_0081.jpg,1
002_0082.jpg,1
002_0083.jpg,1
002_0084.jpg,1
002_0085.jpg,1
002_0086.jpg,1
002_0087.jpg,1
002_0088.jpg,1
002_0089.jpg,1
002_0090.jpg,1
002_0091.jpg,1
002_0092.jpg,1
002_0093.jpg,1
002_0094.jpg,1
002_0095.jpg,1
002_0096.jpg,1
002_0097.jpg,1
003_0001.jpg,2
003_0002.jpg,2
003_0003.jpg,2
003_0004.jpg,2
003_0005.jpg,2
003_0006.jpg,2
003_0007.jpg,2
003_0008.jpg,2
003_0009.jpg,2
003_0010.jpg,2
003_0011.jpg,2
003_0012.jpg,2
003_0013.jpg,2
003_0014.jpg,2
003_0015.jpg,2
003_0016.jpg,2
003_0017.jpg,2
003_0018.jpg,2
003_0019.jpg,2
003_0020.jpg,2
003_0021.jpg,2
003_0022.jpg,2
003_0023.jpg,2
003_0024.jpg,2
003_0025.jpg,2
003_0026.jpg,2
003_0027.jpg,2
003_0028.jpg,2
003_0029.jpg,2
003_0030.jpg,2
003_0031.jpg,2
003_0032.jpg,2
003_0033.jpg,2
003_0034.jpg,2
003_0035.jpg,2
003_0036.jpg,2
003_0037.jpg,2
003_0038.jpg,2
003_0039.jpg,2
003_0040.jpg,2
003_0041.jpg,2
003_0042.jpg,2
003_0043.jpg,2
003_0044.jpg,2
003_0045.jpg,2
003_0046.jpg,2
003_0047.jpg,2
003_0048.jpg,2
003_0049.jpg,2
003_0050.jpg,2
003_0051.jpg,2
003_0052.jpg,2
003_0053.jpg,2
003_0054.jpg,2
003_0055.jpg,2
003_0056.jpg,2
003_0057.jpg,2
003_0058.jpg,2
003_0059.jpg,2
003_0060.jpg,2
003_0061.jpg,2
003_0062.jpg,2
003_0063.jpg,2
003_0064.jpg,2
003_0065.jpg,2
003_0066.jpg,2
003_0067.jpg,2
003_0068.jpg,2
003_0069.jpg,2
003_0070.jpg,2
003_0071.jpg,2
003_0072.jpg,2
003_0073.jpg,2
003_0074.jpg,2
003_0075.jpg,2
003_0076.jpg,2
003_0077.jpg,2
003_0078.jpg,2
003_0079.jpg,2
003_0080.jpg,2
003_0081.jpg,2
003_0082.jpg,2
003_0083.jpg,2
003_0084.jpg,2
003_0085.jpg,2
003_0086.jpg,2
003_0087.jpg,2
003_0088.jpg,2
003_0089.jpg,2
003_0090.jpg,2
003_0091.jpg,2
003_0092.jpg,2
003_0093.jpg,2
003_0094.jpg,2
003_0095.jpg,2
003_0096.jpg,2
003_0097.jpg,2
003_0098.jpg,2
003_0099.jpg,2
003_0100.jpg,2
003_0101.jpg,2
003_0102.jpg,2
003_0103.jpg,2
003_0104.jpg,2
003_0105.jpg,2
003_0106.jpg,2
003_0107.jpg,2
003_0108.jpg,2
003_0109.jpg,2
003_0110.jpg,2
003_0111.jpg,2
003_0112.jpg,2
003_0113.jpg,2
003_0114.jpg,2
003_0115.jpg,2
003_0116.jpg,2
003_0117.jpg,2
003_0118.jpg,2
003_0119.jpg,2
003_0120.jpg,2
003_0121.jpg,2
003_0122.jpg,2
003_0123.jpg,2
003_0124.jpg,2
003_0125.jpg,2
003_0126.jpg,2
003_0127.jpg,2
003_0128.jpg,2
003_0129.jpg,2
003_0130.jpg,2
003_0131.jpg,2
003_0132.jpg,2
003_0133.jpg,2
003_0134.jpg,2
003_0135.jpg,2
003_0136.jpg,2
003_0137.jpg,2
003_0138.jpg,2
003_0139.jpg,2
003_0140.jpg,2
003_0141.jpg,2
003_0142.jpg,2
003_0143.jpg,2
003_0144.jpg,2
003_0145.jpg,2
003_0146.jpg,2
003_0147.jpg,2
003_0148.jpg,2
003_0149.jpg,2
003_0150.jpg,2
003_0151.jpg,2
004_0001.jpg,3
004_0002.jpg,3
004_0003.jpg,3
004_0004.jpg,3
004_0005.jpg,3
004_0006.jpg,3
004_0007.jpg,3
004_0008.jpg,3
004_0009.jpg,3
004_0010.jpg,3
004_0011.jpg,3
004_0012.jpg,3
004_0013.jpg,3
004_0014.jpg,3
004_0015.jpg,3
004_0016.jpg,3
004_0017.jpg,3
004_0018.jpg,3
004_0019.jpg,3
004_0020.jpg,3
004_0021.jpg,3
004_0022.jpg,3
004_0023.jpg,3
004_0024.jpg,3
004_0025.jpg,3
004_0026.jpg,3
004_0027.jpg,3
004_0028.jpg,3
004_0029.jpg,3
004_0030.jpg,3
004_0031.jpg,3
004_0032.jpg,3
004_0033.jpg,3
004_0034.jpg,3
004_0035.jpg,3
004_0036.jpg,3
004_0037.jpg,3
004_0038.jpg,3
004_0039.jpg,3
004_0040.jpg,3
004_0041.jpg,3
004_0042.jpg,3
004_0043.jpg,3
004_0044.jpg,3
004_0045.jpg,3
004_0046.jpg,3
004_0047.jpg,3
004_0048.jpg,3
004_0049.jpg,3
004_0050.jpg,3
004_0051.jpg,3
004_0052.jpg,3
004_0053.jpg,3
004_0054.jpg,3
004_0055.jpg,3
004_0056.jpg,3
004_0057.jpg,3
004_0058.jpg,3
004_0059.jpg,3
004_0060.jpg,3
004_0061.jpg,3
004_0062.jpg,3
004_0063.jpg,3
004_0064.jpg,3
004_0065.jpg,3
004_0066.jpg,3
004_0067.jpg,3
004_0068.jpg,3
004_0069.jpg,3
004_0070.jpg,3
004_0071.jpg,3
004_0072.jpg,3
004_0073.jpg,3
004_0074.jpg,3
004_0075.jpg,3
004_0076.jpg,3
004_0077.jpg,3
004_0078.jpg,3
004_0079.jpg,3
004_0080.jpg,3
004_0081.jpg,3
004_0082.jpg,3
004_0083.jpg,3
004_0084.jpg,3
004_0085.jpg,3
004_0086.jpg,3
004_0087.jpg,3
004_0088.jpg,3
004_0089.jpg,3
004_0090.jpg,3
004_0091.jpg,3
004_0092.jpg,3
004_0093.jpg,3
004_0094.jpg,3
004_0095.jpg,3
004_0096.jpg,3
004_0097.jpg,3
004_0098.jpg,3
004_0099.jpg,3
004_0100.jpg,3
004_0101.jpg,3
004_0102.jpg,3
004_0103.jpg,3
004_0104.jpg,3
004_0105.jpg,3
004_0106.jpg,3
004_0107.jpg,3
004_0108.jpg,3
004_0109.jpg,3
004_0110.jpg,3
004_0111.jpg,3
004_0112.jpg,3
004_0113.jpg,3
004_0114.jpg,3
004_0115.jpg,3
004_0116.jpg,3
004_0117.jpg,3
004_0118.jpg,3
004_0119.jpg,3
004_0120.jpg,3
004_0121.jpg,3
004_0122.jpg,3
004_0123.jpg,3
004_0124.jpg,3
004_0125.jpg,3
004_0126.jpg,3
004_0127.jpg,3
005_0001.jpg,4
005_0002.jpg,4
005_0003.jpg,4
005_0004.jpg,4
005_0005.jpg,4
005_0006.jpg,4
005_0007.jpg,4
005_0008.jpg,4
005_0009.jpg,4
005_0010.jpg,4
005_0011.jpg,4
005_0012.jpg,4
005_0013.jpg,4
005_0014.jpg,4
005_0015.jpg,4
005_0016.jpg,4
005_0017.jpg,4
005_0018.jpg,4
005_0019.jpg,4
005_0020.jpg,4
005_0021.jpg,4
005_0022.jpg,4
005_0023.jpg,4
005_0024.jpg,4
005_0025.jpg,4
005_0026.jpg,4
005_0027.jpg,4
005_0028.jpg,4
005_0029.jpg,4
005_0030.jpg,4
005_0031.jpg,4
005_0032.jpg,4
005_0033.jpg,4
005_0034.jpg,4
005_0035.jpg,4
005_0036.jpg,4
005_0037.jpg,4
005_0038.jpg,4
005_0039.jpg,4
005_0040.jpg,4
005_0041.jpg,4
005_0042.jpg,4
005_0043.jpg,4
005_0044.jpg,4
005_0045.jpg,4
005_0046.jpg,4
005_0047.jpg,4
005_0048.jpg,4
005_0049.jpg,4
005_0050.jpg,4
005_0051.jpg,4
005_0052.jpg,4
005_0053.jpg,4
005_0054.jpg,4
005_0055.jpg,4
005_0056.jpg,4
005_0057.jpg,4
005_0058.jpg,4
005_0059.jpg,4
005_0060.jpg,4
005_0061.jpg,4
005_0062.jpg,4
005_0063.jpg,4
005_0064.jpg,4
005_0065.jpg,4
005_0066.jpg,4
005_0067.jpg,4
005_0068.jpg,4
005_0069.jpg,4
005_0070.jpg,4
005_0071.jpg,4
005_0072.jpg,4
005_0073.jpg,4
005_0074.jpg,4
005_0075.jpg,4
005_0076.jpg,4
005_0077.jpg,4
005_0078.jpg,4
005_0079.jpg,4
005_0080.jpg,4
005_0081.jpg,4
005_0082.jpg,4
005_0083.jpg,4
005_0084.jpg,4
005_0085.jpg,4
005_0086.jpg,4
005_0087.jpg,4
005_0088.jpg,4
005_0089.jpg,4
005_0090.jpg,4
005_0091.jpg,4
005_0092.jpg,4
005_0093.jpg,4
005_0094.jpg,4
005_0095.jpg,4
005_0096.jpg,4
005_0097.jpg,4
005_0098.jpg,4
005_0099.jpg,4
005_0100.jpg,4
005_0101.jpg,4
005_0102.jpg,4
005_0103.jpg,4
005_0104.jpg,4
005_0105.jpg,4
005_0106.jpg,4
005_0107.jpg,4
005_0108.jpg,4
005_0109.jpg,4
005_0110.jpg,4
005_0111.jpg,4
005_0112.jpg,4
005_0113.jpg,4
005_0114.jpg,4
005_0115.jpg,4
005_0116.jpg,4
005_0117.jpg,4
005_0118.jpg,4
005_0119.jpg,4
005_0120.jpg,4
005_0121.jpg,4
005_0122.jpg,4
005_0123.jpg,4
005_0124.jpg,4
005_0125.jpg,4
005_0126.jpg,4
005_0127.jpg,4
005_0128.jpg,4
005_0129.jpg,4
005_0130.jpg,4
005_0131.jpg,4
005_0132.jpg,4
005_0133.jpg,4
005_0134.jpg,4
005_0135.jpg,4
005_0136.jpg,4
005_0137.jpg,4
005_0138.jpg,4
005_0139.jpg,4
005_0140.jpg,4
005_0141.jpg,4
005_0142.jpg,4
005_0143.jpg,4
005_0144.jpg,4
005_0145.jpg,4
005_0146.jpg,4
005_0147.jpg,4
005_0148.jpg,4
006_0001.jpg,5
006_0002.jpg,5
006_0003.jpg,5
006_0004.jpg,5
006_0005.jpg,5
006_0006.jpg,5
006_0007.jpg,5
006_0008.jpg,5
006_0009.jpg,5
006_0010.jpg,5
006_0011.jpg,5
006_0012.jpg,5
006_0013.jpg,5
006_0014.jpg,5
006_0015.jpg,5
006_0016.jpg,5
006_0017.jpg,5
006_0018.jpg,5
006_0019.jpg,5
006_0020.jpg,5
006_0021.jpg,5
006_0022.jpg,5
006_0023.jpg,5
006_0024.jpg,5
006_0025.jpg,5
006_0026.jpg,5
006_0027.jpg,5
006_0028.jpg,5
006_0029.jpg,5
006_0030.jpg,5
006_0031.jpg,5
006_0032.jpg,5
006_0033.jpg,5
006_0034.jpg,5
006_0035.jpg,5
006_0036.jpg,5
006_0037.jpg,5
006_0038.jpg,5
006_0039.jpg,5
006_0040.jpg,5
006_0041.jpg,5
006_0042.jpg,5
006_0043.jpg,5
006_0044.jpg,5
006_0045.jpg,5
006_0046.jpg,5
006_0047.jpg,5
006_0048.jpg,5
006_0049.jpg,5
006_0050.jpg,5
006_0051.jpg,5
006_0052.jpg,5
006_0053.jpg,5
006_0054.jpg,5
006_0055.jpg,5
006_0056.jpg,5
006_0057.jpg,5
006_0058.jpg,5
006_0059.jpg,5
006_0060.jpg,5
006_0061.jpg,5
006_0062.jpg,5
006_0063.jpg,5
006_0064.jpg,5
006_0065.jpg,5
006_0066.jpg,5
006_0067.jpg,5
006_0068.jpg,5
006_0069.jpg,5
006_0070.jpg,5
006_0071.jpg,5
006_0072.jpg,5
006_0073.jpg,5
006_0074.jpg,5
006_0075.jpg,5
006_0076.jpg,5
006_0077.jpg,5
006_0078.jpg,5
006_0079.jpg,5
006_0080.jpg,5
006_0081.jpg,5
006_0082.jpg,5
006_0083.jpg,5
006_0084.jpg,5
006_0085.jpg,5
006_0086.jpg,5
006_0087.jpg,5
006_0088.jpg,5
006_0089.jpg,5
006_0090.jpg,5
007_0001.jpg,6
007_0002.jpg,6
007_0003.jpg,6
007_0004.jpg,6
007_0005.jpg,6
007_0006.jpg,6
007_0007.jpg,6
007_0008.jpg,6
007_0009.jpg,6
007_0010.jpg,6
007_0011.jpg,6
007_0012.jpg,6
007_0013.jpg,6
007_0014.jpg,6
007_0015.jpg,6
007_0016.jpg,6
007_0017.jpg,6
007_0018.jpg,6
007_0019.jpg,6
007_0020.jpg,6
007_0021.jpg,6
007_0022.jpg,6
007_0023.jpg,6
007_0024.jpg,6
007_0025.jpg,6
007_0026.jpg,6
007_0027.jpg,6
007_0028.jpg,6
007_0029.jpg,6
007_0030.jpg,6
007_0031.jpg,6
007_0032.jpg,6
007_0033.jpg,6
007_0034.jpg,6
007_0035.jpg,6
007_0036.jpg,6
007_0037.jpg,6
007_0038.jpg,6
007_0039.jpg,6
007_0040.jpg,6
007_0041.jpg,6
007_0042.jpg,6
007_0043.jpg,6
007_0044.jpg,6
007_0045.jpg,6
007_0046.jpg,6
007_0047.jpg,6
007_0048.jpg,6
007_0049.jpg,6
007_0050.jpg,6
007_0051.jpg,6
007_0052.jpg,6
007_0053.jpg,6
007_0054.jpg,6
007_0055.jpg,6
007_0056.jpg,6
007_0057.jpg,6
007_0058.jpg,6
007_0059.jpg,6
007_0060.jpg,6
007_0061.jpg,6
007_0062.jpg,6
007_0063.jpg,6
007_0064.jpg,6
007_0065.jpg,6
007_0066.jpg,6
007_0067.jpg,6
007_0068.jpg,6
007_0069.jpg,6
007_0070.jpg,6
007_0071.jpg,6
007_0072.jpg,6
007_0073.jpg,6
007_0074.jpg,6
007_0075.jpg,6
007_0076.jpg,6
007_0077.jpg,6
007_0078.jpg,6
007_0079.jpg,6
007_0080.jpg,6
007_0081.jpg,6
007_0082.jpg,6
007_0083.jpg,6
007_0084.jpg,6
007_0085.jpg,6
007_0086.jpg,6
007_0087.jpg,6
007_0088.jpg,6
007_0089.jpg,6
007_0090.jpg,6
007_0091.jpg,6
007_0092.jpg,6
007_0093.jpg,6
007_0094.jpg,6
007_0095.jpg,6
007_0096.jpg,6
007_0097.jpg,6
007_0098.jpg,6
007_0099.jpg,6
007_0100.jpg,6
007_0101.jpg,6
007_0102.jpg,6
007_0103.jpg,6
007_0104.jpg,6
007_0105.jpg,6
007_0106.jpg,6
008_0001.jpg,7
008_0002.jpg,7
008_0003.jpg,7
008_0004.jpg,7
008_0005.jpg,7
008_0006.jpg,7
008_0007.jpg,7
008_0008.jpg,7
008_0009.jpg,7
008_0010.jpg,7
008_0011.jpg,7
008_0012.jpg,7
008_0013.jpg,7
008_0014.jpg,7
008_0015.jpg,7
008_0016.jpg,7
008_0017.jpg,7
008_0018.jpg,7
008_0019.jpg,7
008_0020.jpg,7
008_0021.jpg,7
008_0022.jpg,7
008_0023.jpg,7
008_0024.jpg,7
008_0025.jpg,7
008_0026.jpg,7
008_0027.jpg,7
008_0028.jpg,7
008_0029.jpg,7
008_0030.jpg,7
008_0031.jpg,7
008_0032.jpg,7
008_0033.jpg,7
008_0034.jpg,7
008_0035.jpg,7
008_0036.jpg,7
008_0037.jpg,7
008_0038.jpg,7
008_0039.jpg,7
008_0040.jpg,7
008_0041.jpg,7
008_0042.jpg,7
008_0043.jpg,7
008_0044.jpg,7
008_0045.jpg,7
008_0046.jpg,7
008_0047.jpg,7
008_0048.jpg,7
008_0049.jpg,7
008_0050.jpg,7
008_0051.jpg,7
008_0052.jpg,7
008_0053.jpg,7
008_0054.jpg,7
008_0055.jpg,7
008_0056.jpg,7
008_0057.jpg,7
008_0058.jpg,7
008_0059.jpg,7
008_0060.jpg,7
008_0061.jpg,7
008_0062.jpg,7
008_0063.jpg,7
008_0064.jpg,7
008_0065.jpg,7
008_0066.jpg,7
008_0067.jpg,7
008_0068.jpg,7
008_0069.jpg,7
008_0070.jpg,7
008_0071.jpg,7
008_0072.jpg,7
008_0073.jpg,7
008_0074.jpg,7
008_0075.jpg,7
008_0076.jpg,7
008_0077.jpg,7
008_0078.jpg,7
008_0079.jpg,7
008_0080.jpg,7
008_0081.jpg,7
008_0082.jpg,7
008_0083.jpg,7
008_0084.jpg,7
008_0085.jpg,7
008_0086.jpg,7
008_0087.jpg,7
008_0088.jpg,7
008_0089.jpg,7
008_0090.jpg,7
008_0091.jpg,7
008_0092.jpg,7
008_0093.jpg,7
008_0094.jpg,7
008_0095.jpg,7
008_0096.jpg,7
008_0097.jpg,7
008_0098.jpg,7
008_0099.jpg,7
008_0100.jpg,7
008_0101.jpg,7
008_0102.jpg,7
008_0103.jpg,7
008_0104.jpg,7
008_0105.jpg,7
008_0106.jpg,7
008_0107.jpg,7
008_0108.jpg,7
008_0109.jpg,7
008_0110.jpg,7
008_0111.jpg,7
008_0112.jpg,7
008_0113.jpg,7
008_0114.jpg,7
008_0115.jpg,7
008_0116.jpg,7
008_0117.jpg,7
008_0118.jpg,7
008_0119.jpg,7
008_0120.jpg,7
008_0121.jpg,7
008_0122.jpg,7
008_0123.jpg,7
008_0124.jpg,7
008_0125.jpg,7
008_0126.jpg,7
008_0127.jpg,7
008_0128.jpg,7
008_0129.jpg,7
008_0130.jpg,7
008_0131.jpg,7
008_0132.jpg,7
008_0133.jpg,7
008_0134.jpg,7
008_0135.jpg,7
008_0136.jpg,7
008_0137.jpg,7
008_0138.jpg,7
008_0139.jpg,7
008_0140.jpg,7
008_0141.jpg,7
008_0142.jpg,7
008_0143.jpg,7
008_0144.jpg,7
008_0145.jpg,7
008_0146.jpg,7
008_0147.jpg,7
008_0148.jpg,7
008_0149.jpg,7
008_0150.jpg,7
008_0151.jpg,7
008_0152.jpg,7
008_0153.jpg,7
008_0154.jpg,7
008_0155.jpg,7
008_0156.jpg,7
008_0157.jpg,7
008_0158.jpg,7
008_0159.jpg,7
008_0160.jpg,7
008_0161.jpg,7
008_0162.jpg,7
008_0163.jpg,7
008_0164.jpg,7
008_0165.jpg,7
008_0166.jpg,7
008_0167.jpg,7
008_0168.jpg,7
008_0169.jpg,7
008_0170.jpg,7
008_0171.jpg,7
008_0172.jpg,7
008_0173.jpg,7
008_0174.jpg,7
008_0175.jpg,7
008_0176.jpg,7
008_0177.jpg,7
008_0178.jpg,7
008_0179.jpg,7
008_0180.jpg,7
008_0181.jpg,7
008_0182.jpg,7
008_0183.jpg,7
008_0184.jpg,7
008_0185.jpg,7
008_0186.jpg,7
008_0187.jpg,7
008_0188.jpg,7
008_0189.jpg,7
008_0190.jpg,7
008_0191.jpg,7
008_0192.jpg,7
008_0193.jpg,7
008_0194.jpg,7
008_0195.jpg,7
008_0196.jpg,7
008_0197.jpg,7
008_0198.jpg,7
008_0199.jpg,7
008_0200.jpg,7
008_0201.jpg,7
008_0202.jpg,7
008_0203.jpg,7
008_0204.jpg,7
008_0205.jpg,7
008_0206.jpg,7
008_0207.jpg,7
008_0208.jpg,7
008_0209.jpg,7
008_0210.jpg,7
008_0211.jpg,7
008_0212.jpg,7
008_0213.jpg,7
008_0214.jpg,7
008_0215.jpg,7
008_0216.jpg,7
008_0217.jpg,7
008_0218.jpg,7
008_0219.jpg,7
008_0220.jpg,7
008_0221.jpg,7
008_0222.jpg,7
008_0223.jpg,7
008_0224.jpg,7
008_0225.jpg,7
008_0226.jpg,7
008_0227.jpg,7
008_0228.jpg,7
008_0229.jpg,7
008_0230.jpg,7
008_0231.jpg,7
008_0232.jpg,7
009_0001.jpg,8
009_0002.jpg,8
009_0003.jpg,8
009_0004.jpg,8
009_0005.jpg,8
009_0006.jpg,8
009_0007.jpg,8
009_0008.jpg,8
009_0009.jpg,8
009_0010.jpg,8
009_0011.jpg,8
009_0012.jpg,8
009_0013.jpg,8
009_0014.jpg,8
009_0015.jpg,8
009_0016.jpg,8
009_0017.jpg,8
009_0018.jpg,8
009_0019.jpg,8
009_0020.jpg,8
009_0021.jpg,8
009_0022.jpg,8
009_0023.jpg,8
009_0024.jpg,8
009_0025.jpg,8
009_0026.jpg,8
009_0027.jpg,8
009_0028.jpg,8
009_0029.jpg,8
009_0030.jpg,8
009_0031.jpg,8
009_0032.jpg,8
009_0033.jpg,8
009_0034.jpg,8
009_0035.jpg,8
009_0036.jpg,8
009_0037.jpg,8
009_0038.jpg,8
009_0039.jpg,8
009_0040.jpg,8
009_0041.jpg,8
009_0042.jpg,8
009_0043.jpg,8
009_0044.jpg,8
009_0045.jpg,8
009_0046.jpg,8
009_0047.jpg,8
009_0048.jpg,8
009_0049.jpg,8
009_0050.jpg,8
009_0051.jpg,8
009_0052.jpg,8
009_0053.jpg,8
009_0054.jpg,8
009_0055.jpg,8
009_0056.jpg,8
009_0057.jpg,8
009_0058.jpg,8
009_0059.jpg,8
009_0060.jpg,8
009_0061.jpg,8
009_0062.jpg,8
009_0063.jpg,8
009_0064.jpg,8
009_0065.jpg,8
009_0066.jpg,8
009_0067.jpg,8
009_0068.jpg,8
009_0069.jpg,8
009_0070.jpg,8
009_0071.jpg,8
009_0072.jpg,8
009_0073.jpg,8
009_0074.jpg,8
009_0075.jpg,8
009_0076.jpg,8
009_0077.jpg,8
009_0078.jpg,8
009_0079.jpg,8
009_0080.jpg,8
009_0081.jpg,8
009_0082.jpg,8
009_0083.jpg,8
009_0084.jpg,8
009_0085.jpg,8
009_0086.jpg,8
009_0087.jpg,8
009_0088.jpg,8
009_0089.jpg,8
009_0090.jpg,8
009_0091.jpg,8
009_0092.jpg,8
009_0093.jpg,8
009_0094.jpg,8
009_0095.jpg,8
009_0096.jpg,8
009_0097.jpg,8
009_0098.jpg,8
009_0099.jpg,8
009_0100.jpg,8
009_0101.jpg,8
009_0102.jpg,8
